Categoria,ID_Producto,Nombre_Producto,Variacion,Precio_Venta,Stock
1-RK,SPC169,Bolso Portacelular cuadrado waterproof,,24500,35
1-RK,SPC207,Bolso Portacelular curvo Waterproof,,26500,45
1-RK,BP220,Bomba mini extension manguera,,18500,25
1-RK,CL128,Candado manguera espiral,,14500,8
1-RK,CL180,Candado manguera espiral,,15500,18
1-RK,TRF07,FILTRO TAPABOCAS PLAST,,3100,40
1-RK,FP294,Forro gel MTB antipros,,19500,43
1-RK,GR690,GUARDABARRO DEL TRAS,,26500,21
1-RK,GF201,Gafa ciclismo,Negro-Azul,17500,35
1-RK,GB30C,Guante mtb corto,Azul,34500,34
1-RK,GB30C,Guante mtb corto,Palma,34500,25
1-RK,GB30C,Guante mtb corto,Rojo,34500,2
1-RK,GB30C,Guante mtb corto,Rosado,34500,37
1-RK,GB30L,Guante mtb largo,Negro,37900,43
1-RK,GB30L,Guante mtb largo,Palma,37900,18
1-RK,GB30L,Guante mtb largo,Rojo,37900,42
1-RK,GB30L,Guante mtb largo,Rosado,37900,14
1-RK,GR801,Guardabarro deltras con luz,,32500,12
1-RK,GR870,Guardabarro mtb del - tras,,29500,48
1-RK,HC005,Herramienta kit con navaja multi,,22500,25
1-RK,HC009,Herramienta set multifuncional,,24500,7
1-RK,HC513,Kit despinche parche autoadhesivos mas palancas,,9500,7
1-RK,HC601,Kit despinche parches autoadhe,,9500,25
1-RK,LX031,LUZ USB BICCASCO,,17500,29
1-RK,BK012,Luz frontal 300L,,18500,37
1-RK,BL200,Luz frontal alum,,36500,37
1-RK,AS808,Luz frontal con velocimetro 5 en 1,,56500,43
1-RK,LX227,Luz frontal multicolor lateral,,17500,20
1-RK,LX062,Luz frontal sensor azul-rojo alum,,37500,2
1-RK,LX050,Luz frontal tipo go pro,,32500,31
1-RK,LX023,Luz trasera abrazadera pie,,3500,6
1-RK,LX608,Luz trasera alum base giratoria 2 colores,,18500,35
1-RK,LX005,Luz trasera circular alum,,18500,29
1-RK,MGF02,Mango foamy colores,,1500,50
1-RK,LK055,Paral lateral alum R26-29,,18500,50
1-RK,P2032,Pila multi dispositivos,,1100,29
1-RK,TP006,TAPONES PMANUBRIO,,200,43
1.1-KL,SIN_ID,"BOMBA MINI, AL, MOD. RP-1",,33500,30
1.1-KL,PC401,CALAPIES ACOR,,17500,38
1.1-KL,CINT01,Cinta sellante ptubeless Gorila,,29500,12
1.1-KL,SIN_ID,Kit Reparación Tubeless Con Gusanillos Genuine Innovations - $62500,,0,17
1.1-KL,NMS055,NEUMATICO SERFAS 700V,80-60-48,19500,12
1.1-KL,PRO706,PROTECTOR NEOPRENO PMARCO,,12500,50
1.1-KL,SP320,SOPORTE PCAR KUL,,18500,19
1.1-KL,SX165,Silla mtb antipros gel kul negro  imagen lateral,,36500,24
1.1-KL,SX165,Silla mtb antipros gel negro kul,,36500,1
2-SPK,ABR6BK,Abrazadera velcro pgup,,13500,26
2-SPK,TB07,Accesorio timbre usb,,34500,35
2-SPK,BPH2007,Bolso portaherramienta con luz,,24500,12
2-SPK,MPS25B03,Bomba mini alum con manometro,,26500,15
2-SPK,MPS21B03,Bomba mini alum manometro,,31500,3
2-SPK,MPS1901,Bomba mini alum teles,,28500,22
2-SPK,ASY41,CASCO MTB BK,,49500,45
2-SPK,SIN_ID,CASCO MTB- CASY41 TALLA L NEON AMARILLO - MEGRO MATE INMOLD PESO 232 GRAMOS,,49500,9
2-SPK,ASY32,CASCO RUTA BK,,47500,20
2-SPK,CAR01,Caramañola Enlee 650ml piston,,18500,8
2-SPK,CAR02,Caramañola Enlee diseño,,18500,50
2-SPK,CAR05,Caramañola plastwt,,17500,17
2-SPK,CX023,Cinta pmanubrio controltech,,21500,21
2-SPK,HC025,Llave extractora cadena acero,,11500,40
2-SPK,PX097,Pedal ALMTB,,19500,31
2-SPK,G6BK,Sellante inflador GUP,,44500,27
2-SPK,913,Silla MTB anti negro espuma memoria,,37500,18
2-SPK,BC05,Soporte PCaramañola fibra nylon con palancas,,78500,29
2-SPK,BC39,Soporte Pcaramañola ambi nylon,,39500,3
2-SPK,SP231,Soporte plast PInflador - CO2 - GPS multiproposito,,23500,37
2-SPK,SP106,Soporte plast PTermo con palanca,,15500,21
3-RR,ABR012,Abrazadera alum 35mm Colores,Negro,16500,20
3-RR,ABR010,Abrazadera alum 35mm Dor,,14500,34
3-RR,SIN_ID,Aros R26 65500 R27.5 65500 R29 69500,,0,7
3-RR,CAN010,"Caña PSilla alum 30,9",,32500,13
3-RR,CAN014,Caña Psilla alum Dor,,34500,33
3-RR,CAN013,Caña Psilla alum tornasol,,38500,47
3-RR,CDX015,Codo alum MTB 35mm colores,Azul,68500,8
3-RR,CDX015,Codo alum MTB 35mm colores,Dorado,68500,2
3-RR,CDX015,Codo alum MTB 35mm colores,Morado,68500,15
3-RR,CDX015,Codo alum MTB 35mm colores,Negro,68500,28
3-RR,CDX015,Codo alum MTB 35mm colores,Rojo,68500,43
3-RR,CDX007,Codo mtb RIPPER 45 mm alum,Azul,39500,9
3-RR,CDX007,Codo mtb RIPPER 45 mm alum,Dorado,39500,32
3-RR,CDX007,Codo mtb RIPPER 45 mm alum,Morado,39500,18
3-RR,CDX007,Codo mtb RIPPER 45 mm alum,Negro,39500,5
3-RR,CDX007,Codo mtb RIPPER 45 mm alum,Rojo,39500,27
3-RR,CDX016,Codo mtb alum 35mm tornasol,,74500,7
3-RR,CDX011,Codo mtb alum 45mm tornasol,,44500,33
3-RR,ESP011,Espaciador Tornasol,,7500,6
3-RR,SIN_ID,Espiga rebeld,,0,50
3-RR,LLANT27,Llanta Ripper R27.5,,46500,43
3-RR,MAN014,MANUBRIO RIPPER 800mm 25°,Morado,49500,26
3-RR,MAN014,MANUBRIO RIPPER 800mm 25°,Negro,49500,12
3-RR,MAN013,MANUBRIO RIPPER 800mm 45° Dor,Dorado,53500,36
3-RR,SIN_ID,Manubrio 800mm Azul,,52500,25
3-RR,SIN_ID,Manubrio 800mm Negro negro,,52500,12
3-RR,SIN_ID,Manubrio 800mm Rojo,,52500,4
3-RR,MAN038,Manubrio Riper mtb 800mm race 45° torna,,72500,14
3-RR,MZN053,Manzana MTB 36H 6TRQ Tornasol,,215500,27
3-RR,MZN058,Manzana MTB tras 36hh Reneg 6trq,Morado,115500,10
3-RR,MZN058,Manzana MTB tras 36hh Reneg 6trq,Negro,115500,1
3-RR,MZN057,Manzanas MTB 36h Reneg 6trq colores,Negro,195500,6
3-RR,MZN062,Manzanas MTB 36h Renegr 6trq Torna,,235500,17
3-RR,MNP012,Monoplato Tornasol centro hueco 32t,,205500,33
3-RR,MNP010,Monoplato eje cuadrante 32T Negro,Negro,54500,6
3-RR,PX010,Pedal ALMTB,,18500,22
3-RR,PX011,Pedal NylonMTB Colores,Azul,47500,14
3-RR,PX011,Pedal NylonMTB Colores,Naranja,47500,23
3-RR,PX011,Pedal NylonMTB Colores,Negro,47500,32
3-RR,PX011,Pedal NylonMTB Colores,Purpura,47500,50
3-RR,PX011,Pedal NylonMTB Colores,Rojo,47500,40
3-RR,PX011,Pedal NylonMTB Colores,Verde,47500,32
3-RR,PX012,Pedal alum mtb,Azul,69500,29
3-RR,PX012,Pedal alum mtb,Purpura,69500,18
3-RR,PX012,Pedal alum mtb,Rojo,69500,10
3-RR,TPX023,Tapa PCodo colores,,4200,25
4-BK,SPC202,Bolso portacelular con alforja waterproof,,29500,5
4-BK,SPC201,Bolso portacelular waterproof,,30500,37
4-BK,BXS105,Bomba mini manometro digital,,38500,41
4-BK,XTC114L,Cadena single speed,,5500,27
4-BK,CAR128,Caramañola power jet 620ml,,22500,42
4-BK,CAR127,Caramañola power jet 750ml,,24500,19
4-BK,CAS065,Casco mtb plegable,,57500,35
4-BK,TP003,Filtro Pmascaras antip,,3500,26
4-BK,GF724,Gafa mtb lente inter montura formula  -,marco blanco - negro,43500,22
4-BK,GF808,Gafas 3 lentes inter montura para formula,,58500,23
4-BK,HC014,Herramienta kit multiproposito,,17500,1
4-BK,HC011,Herramienta multifuncional,3 colores,16500,17
4-BK,HL016,Herramienta multifuncional 15 en 1,,19500,24
4-BK,KIT02,Kit bolso alforja portacel - accesorios,,42500,12
4-BK,KIT01,Kit bolso portacel - accesorios,,34500,40
4-BK,KIT88,Kit luz del - tras,,19500,37
4-BK,KIT602,Kit portaherramienta mas accesorios,,38500,14
4-BK,J10,Kit solucion para parche,,3500,13
4-BK,HB505,Luz combo del - tras Battery,,5300,6
4-BK,HB509,Luz combo del - tras Battery,,5300,5
4-BK,WJ101,Luz combo del - tras Battery,,5300,22
4-BK,XA585,Luz del con velocimetro,,43500,45
4-BK,LX6108,Luz frontal aleacion alum usb,,26500,33
4-BK,BK007,Luz frontal power band portacelular,,31500,8
4-BK,BK008T,Luz trasera cubierta en goma rosa-negro-blanco,,5500,47
4-BK,LX040,Luz trasera direcional bluetooh  - 2,,43500,13
4-BK,PS811,Pastilla compatible shimano,,5500,24
4-BK,DS01,Pastilla freno comp Hayes,,7500,49
4-BK,DS10,Pastilla freno comp shimano,,4800,28
4-BK,PS824,Pastillas PDisco,,5500,34
4-BK,DS40,Pastillas freno comp hayes stroker ride,,7500,40
4-BK,PH001,Portaherramienta reflect mtb,,12500,38
4-BK,PRO109,Protector palancas para freno colores,11 colores,3400,18
4-BK,PRO025,Protector para caña silla silicona,,3500,7
4-BK,RT180,Rotor mtb 180mm,,9500,13
4-BK,SP088,Soporte PCaramañola color,,4100,21
4-BK,MJ003,Tapabocas antipolucion,,4300,38
4-BK,VAL024,Valvula repuesto bolsa,,10500,34
4-BK,SPC428,aAccesorio PManubrio,,4200,43
5-MT,PDZR07,Cala comp shimano,,34500,31
5-MT,KIT197,Kit parche ptubeless x6,,9500,19
5-MT,KIT022A,Kit parche tubless x7,,7500,25
5-MT,MG035,Mangos mtb 100_ silicona,,34500,17
5-MT,MG001,Mangos tipo silicona mtb colores,,9500,17
5-MT,RT180,Rotor mtb 180mm,,12500,35
5-MT,MG157,mango anillos espuma colombia,,14500,43
6-CL,BCK660,Accesorio PManubrio,Bebe,6800,46
6-CL,BCK657,Accesorio PManubrio,Cer 1,6800,36
6-CL,BCK662,Accesorio PManubrio,Cer 2,7500,16
6-CL,BCK659,Accesorio PManubrio,Gato,6800,21
6-CL,BCK661,Accesorio PManubrio,Oso,6800,41
6-CL,BCK655,Accesorio PManubrio,Pato A,6800,14
6-CL,BCK740,Accesorio PManubrio,Pato C,10500,23
6-CL,BCK656,Accesorio PManubrio,Pato N,6800,41
6-CL,BCK658,Accesorio PManubrio,Ratón,6800,47
6-CL,BCK714,Accesorio Tipo corneta usb,,21500,28
6-CL,BCK161,Accesorio para instalacion multiproposito,,1500,50
6-CL,BCK408,Accesorio pito usb 4f,,24500,25
6-CL,BCK257,Adaptador PValvula,,500,42
6-CL,BCK626,Adaptador coronilla comp Sram bcd104mm,,39500,18
6-CL,BCK625,Adaptador coronilla comp shim bcd104mm,,39500,40
6-CL,BCK292,Alarma con Pito USB 5f,,24500,5
6-CL,BCK384,Bicicleta colecionable exhibicion,,28500,21
6-CL,BCK385,Bicicleta mini exhibicion con reloj,,24500,38
6-CL,BCK544,Bicicleta mini exhibicion playera,,23500,1
6-CL,BCK535,Bolso Hydropack vej 2L,Dúo,44500,28
6-CL,BCK535,Bolso Hydropack vej 2L,Espaldar,44500,17
6-CL,BCK535,Bolso Hydropack vej 2L,Frontal,44500,9
6-CL,BCK134,Bolso PBici con alforjas multipro,,39500,15
6-CL,BCK705,Bolso Pmanubrio multipropósito,Gris,42500,29
6-CL,BCK705,Bolso Pmanubrio multipropósito,Negro,42500,3
6-CL,BCK042,Bolso Portacelular cuadrado waterproof,,24500,22
6-CL,BCK004,Bolso del alforja portaherramienta,,42500,43
6-CL,BCK035,Bolso del mportaherramienta,,31500,44
6-CL,BCK011,Bolso del portaherramienta,,26500,14
6-CL,BCK045,Bolso hydropack mtb,,31500,4
6-CL,BCK133,Bolso mtb Tmilitar multipro,,13500,33
6-CL,BCK128,Bolso mtb multipro,,31500,48
6-CL,BCK132,Bolso parrilla mtb reflectivo gris,,28500,15
6-CL,BCK036,Bolso portacelular curvo water proof,,26500,42
6-CL,BCK005,Bolso portaheramienta con luz tras usb,,45500,26
6-CL,BCK130,Bolso portaherramienta multiproposito parrilla,,18500,43
6-CL,BCK023,Bolso portaherramienta y termo water proof del,,28500,25
6-CL,GS01,Bomba alum psuspension manom GIYO,,42500,39
6-CL,BCK362,Bomba compre dgt portatil multipro,,86500,33
6-CL,BCK695,Bomba mini compresor,,193500,37
6-CL,GP04S,Bomba mini plast,,10500,32
6-CL,BCK124,Cadena piñon fijo,,6800,19
6-CL,BCK615,Cadenilla 10vel,,19500,21
6-CL,BCK618,Cadenilla 11vel,,34500,26
6-CL,BCK123,Cadenilla 12 - 67 vel,,6800,16
6-CL,BCK619,Cadenilla 12vel,,48500,41
6-CL,BCK513,Cadenilla 6 - 7vel,,7300,5
6-CL,BCK512,Cadenilla 8vel,,13500,29
6-CL,BCK616,Cadenilla 9vel,,17500,37
6-CL,BCK217,Caja centro mtb,,4200,49
6-CL,BCK692,Calapies Pbici,,16500,46
6-CL,BCK052,Calas comp shimano,,17500,13
6-CL,BCK460,Campana PBicicleta,,2900,29
6-CL,BCK461,Campana PBicicleta plast,,2200,33
6-CL,BCK612,Candado clave 4dgto inter 110cm,,8500,3
6-CL,BCK611,Candado espiral clave 4dgto,,11500,1
6-CL,BCK260-1,Capa PBici hiper,,19500,18
6-CL,BCK520,Capa PBici hiper,,19500,31
6-CL,BCK260-2,Capa PBici hiper elast,,24500,37
6-CL,BCK327,Cartucho mtb 118mm,,11500,38
6-CL,BCK189,Casco freestyle color,,37500,15
6-CL,BCK664,"Caña MTB alum 25,4 X 400mm",,19500,13
6-CL,BCK665,"Caña MTB alum 28,6 X 400mm",,23500,18
6-CL,BCK594,Caña PSilla amortiguacion,,57500,35
6-CL,BCK167,Cepillo bici doble uso ergo,,6500,31
6-CL,BCK166,Cepillo bici juego x 2 limpieza,,3300,23
6-CL,BCK537,Chaleco reflectivo luz usb,,24500,1
6-CL,BCK454,Chocles Pruta,,14500,20
6-CL,BCK519,Cinta Tipo corcho,,10500,39
6-CL,BCK493,Cinta protector antipinchazos,,12500,39
6-CL,BCK752,Cinta protector antipinchazos Pruta,,10500,36
6-CL,BCK192,Cinta tipo corcho colores negro - rosado,,10500,8
6-CL,BCK393,Codo Mtb alum 35mm colores,,64500,50
6-CL,BCK439,Codo Mtb alum 35mm colores,,64500,36
6-CL,BCK440,Codo Mtb alum 35mm tornasol,,69500,39
6-CL,BCK392,Codo Mtb alum 45mm colores,,57500,49
6-CL,BCK441,Codo Mtb alum 45mm colores,,57500,40
6-CL,BCK422,Codo mtb 45mm alum color,,23500,50
6-CL,BCK424,Codo mtb 45mm color,Azul,26500,8
6-CL,BCK424,Codo mtb 45mm color,Morado,26500,50
6-CL,BCK424,Codo mtb 45mm color,Negro,26500,42
6-CL,BCK424,Codo mtb Enlee 45mm color,,26500,2
6-CL,BCK456,Conector Pcadena 6-7-8vel x 6,,17500,43
6-CL,SIN_ID,Conector cadena x 6 unds - BCK457-BCK458(10v)-BCK459(11v),9v,26500,25
6-CL,BCK550,Coronilla biplato bcd 110mm R34T-50T,,89500,36
6-CL,BCK551,Coronilla biplato bcd 110mm R36T-52T,,89500,41
6-CL,BCK627,Coronilla biplato bcd 130mm R39T-53T,,87500,27
6-CL,SIN_ID,Coronilla mtb alum 3mm BCK463-BCK464(34T)-BCK465(36T),32T,63500,48
6-CL,SIN_ID,Coronilla mtb alum 6mm BCK466-BCK467(32T)-BCK468(34T)-BCK469(36T),30T,71500,37
6-CL,BCK484,Coronilla mtb alum bcd 104mm 38T negro,,57500,38
6-CL,BCK480,Coronilla mtb alum bcd 104mm 38T silver,,57500,43
6-CL,SIN_ID,Coronilla mtb alum bcd 104mm negro BCK481-BCK482(34T)-BCK483(36T),32T,38500,27
6-CL,SIN_ID,Coronilla mtb alum bcd 104mm silver BCK477-BCK478(34T)-BCK479(36T),32T,38500,20
6-CL,SIN_ID,Coronilla mtb alum bcd 96mm negro BCK485-BCK486(32T)-BCK487(34T)-BCK488(36T),30T,37500,23
6-CL,SIN_ID,Coronilla mtb alum bcd 96mm negro BCK485-BCK595(32T)-BCK596(34T)-BCK597(36T) asimetricas,30T,41500,34
6-CL,SIN_ID,Coronilla mtb montaje directo comp shimano negro BCK470-BCK471(34T)-BCK472(36T),32T,69500,4
6-CL,SIN_ID,Coronilla mtb montaje directo silver BCK473-BCK474(34T)-BCK475(36T)-BCK476(38T),32T,69500,36
6-CL,SIN_ID,Coronilla ovalada 32T Bold 96mm - 104mm (BCK083),BCK082,38500,11
6-CL,SIN_ID,Coronilla redonda 30T bold 96mm - bold 104mm (BCK079),BCK078,38500,41
6-CL,BCK214,Descarrilador mtb,,4500,20
6-CL,BCK357,Eje extralargo,,3800,19
6-CL,BCK108,Ejes Pmanzanas x par,,6300,15
6-CL,BCK775,Espaciador alum colores,Negro-rojo-ver-dor,2500,1
6-CL,BCK774,Espaciador alum colores,Rojo-dora-ver-negro,3800,36
6-CL,BCK363,Espejo mtb Pmano,,14500,3
6-CL,BCK434,Estacion de mantenimiento Bici,,245500,6
6-CL,BCK448,Extension Ppunta de marco corta,,6800,33
6-CL,BCK447,Extension Ppunta de marco larga,,7500,5
6-CL,BCK372,Extension Psuspension,,19500,30
6-CL,BCK610,Extractor pin cadena conector,,14500,47
6-CL,BCK610-10,Extractor pin cadena conector,,16500,43
6-CL,BCK610-8,Extractor pin cadena conector,,14500,6
6-CL,BCK553,Forro en gel mtb PSilla,,19500,9
6-CL,BCK682,Forro en gel mtb PSilla,,15500,46
6-CL,BCK265,Gafas Pciclismo colores,2,12500,20
6-CL,BCK265,Gafas Pciclismo colores,,12500,9
6-CL,BCK650,Gafas Pciclismo colores,,10500,25
6-CL,BCK651,Gafas Pciclismo colores,,14500,24
6-CL,BCK652,Gafas Pciclismo colores,,10500,35
6-CL,BCK653,Gafas Pciclismo colores,,14500,21
6-CL,BCK738,Gafas Pciclismo colores,,15500,32
6-CL,BCK739,Gafas Pciclismo colores,,15500,28
6-CL,BCK707,Guante mtb colores,Azul,11500,50
6-CL,BCK707,Guante mtb colores,Negro,11500,26
6-CL,BCK143,Guardabarro del-tras ajustable,,25500,45
6-CL,BCK509,Guardabarro mtb 3pcs con reflectivo,,21500,35
6-CL,BCK510,Guardabarro mtb del - tras,,16500,28
6-CL,BCK364,Guardabarro mtb del - tras 26-29 azul,,17500,24
6-CL,BCK366,Guardabarro mtb del - tras 26-29 blanco,,16500,39
6-CL,BCK364,Guardabarro mtb del - tras 26-29 rojo,,17500,48
6-CL,BCK366,Guardabarro mtb del - tras 26-29 verde men,,16500,11
6-CL,BCK450,Guardabarro mtb del-tras diseños Enlee,,9500,50
6-CL,BCK365,Guardabarro mtb del-tras negro,,15500,38
6-CL,BCK290,Guardabarro mtb flex,,3300,46
6-CL,BCK511,Guardabarro ruta del - tras,,14500,20
6-CL,BCK451,Guardabarro ruta flex del-tras,,11500,41
6-CL,BCK226,Guia Pfreno v-brake,,550,28
6-CL,BCK387,HERRAMIENTA DESPIN TNAVAJA,,16500,25
6-CL,BCK003,HERRAMIENTA MULTIF TNAVAJA,,7500,14
6-CL,BCK187,Herramienta despinNavaja bolso,,19500,23
6-CL,BCK191,Herramienta despinador,,6500,8
6-CL,BCK712,Herramienta multifuncional bici,Azul-silver-negro-rojo,8500,44
6-CL,BCK003,Herramienta multifuncional tipo navaja,,7500,50
6-CL,BCK713,Herramienta multipropósito bici,Negro-rojo-azul,14500,13
6-CL,BCK527,Kit de limpieza Pbici,,32500,38
6-CL,BCK381,Kit frenos hidraul mtb,,98500,22
6-CL,BCK706,Kit luz del-tras,,38500,4
6-CL,BCK386,Kit multiproposito herramientas,,37500,40
6-CL,BCK745,Kit multiservicio bici,,10500,27
6-CL,BCK746,Kit multiservicio bici,,4900,6
6-CL,BCK606,Kit parche x 48unds,,3500,44
6-CL,BCK348,Kit parches autoadhesivos,,3800,7
6-CL,BCK449,Kit parches autoadhesivos Enlee,,8500,33
6-CL,BCK160,Kit parches mas palancas,,4500,17
6-CL,PRO058,Kit proct freno y biela,,5900,7
6-CL,BCK769,Kit purga Phidraúlicos,,47500,47
6-CL,BCK536,LUZ USB BICCASCO,,4500,31
6-CL,BCK288,Llave PRotor,,18500,4
6-CL,BCK287,Llave PSuspension,,8500,43
6-CL,BCK452,Llavero Pbici reflectivo,,4200,32
6-CL,BCK549,Llavero bici antiguo,,3200,36
6-CL,BCK547,Llaveros Pbici clasicos 1,,2500,40
6-CL,BCK548,Llaveros Pbici clasicos 2,,2500,17
6-CL,BCK295,Luz Pruedas bici,,8500,24
6-CL,BCK654,Luz brazalete multifun usb,,11500,48
6-CL,BCK289,Luz del USB pito 5f tactil,,26500,40
6-CL,BCK347,Luz del alum,,34500,41
6-CL,BCK344,Luz del alum indi,,32500,16
6-CL,BCK538,Luz del explor sensor,,16500,46
6-CL,BCK534,Luz del pito 5F,,15500,9
6-CL,BCK534,Luz del pito 5F -2,,15500,30
6-CL,BCK342,Luz del power band - pito -,,34500,2
6-CL,BCK350,Luz del power band indi,,34500,11
6-CL,BCK525,Luz del usb,,20500,16
6-CL,BCK341,Luz del usb indicador bat,,34500,31
6-CL,BCK339,Luz del usb min,,12500,48
6-CL,BCK741,Luz del ángulo alum,,24500,29
6-CL,BCK617,Luz frontal USB,,9500,30
6-CL,BCK323,Luz frontal usb sonido 5F,,16500,50
6-CL,BCK324,Luz frontal usb sonido 5F,,16500,20
6-CL,BCK325,Luz frontal usb sonido 5F,,16500,22
6-CL,BCK605,Luz led Pruedas,,3200,21
6-CL,BCK700,Luz led tras emotic,,18500,2
6-CL,BCK701,Luz led tras emotic,,18500,46
6-CL,BCK331,Luz tras circular click,,7800,34
6-CL,BCK356,Luz tras direccional blu,,31500,31
6-CL,BCK340,Luz tras usb doble color,,11500,31
6-CL,BCK183,Luz trasera dual color,,11500,41
6-CL,BCK205,Luz trasera mini,,5800,39
6-CL,BCK330,Luz usb combo del - tras,,16500,6
6-CL,BCK332,Luz usb combo del - tras,,17500,48
6-CL,BCK346,Luz usb combo del - tras,,14500,5
6-CL,BCK026,Luz usb combo del solar - pito tras 100L,,29500,42
6-CL,BCK024,Luz usb doble foco power band indicador carga luces laterales,,21500,46
6-CL,BCK621,MANGOS ERGO CEXTEN,,14500,33
6-CL,BCK503,Mango mtb anillos tipo silicona color,,13500,40
6-CL,BCK254,Mango mtb ergo con anillos,,8500,47
6-CL,BCK253,Mango mtb ergo goma,,6500,12
6-CL,BCK502,Mango mtb tipo silicona colores,,8500,1
6-CL,BCK604,Mango mtb tipo silicona colores,,6900,46
6-CL,BCK507,Mangos con protector freno espuma,,3500,15
6-CL,BCK504,Mangos mtb anillos,,7500,38
6-CL,BCK620,Mangos mtb anillos,,8500,15
6-CL,BCK711,Mangos mtb anillos ergo colores,,9500,8
6-CL,BCK505,Mangos mtb anillos ergonomico,,8500,3
6-CL,BCK417,Manilares mtb alum,,7500,13
6-CL,BCK358,Manilares mtb alum Rojo,,9800,33
6-CL,BCK358,Manilares mtb alum negro,,9800,19
6-CL,BCK396,Manubrio Mtb alum race 15° colores,,54500,40
6-CL,BCK628-45,Manubrio mtb 45° color,Morado,49500,8
6-CL,BCK628-45,Manubrio mtb 45° color,Negroblanco,49500,19
6-CL,BCK628-45,Manubrio mtb 45° color,Rojo,49500,18
6-CL,BCK628-45,Manubrio mtb 45° color,Verde,49500,35
6-CL,BCK628-45,Manubrio mtb 45° color,negrorojo,49500,14
6-CL,BCK628,Manubrio mtb Enlee 800mm color,Azul,39500,36
6-CL,BCK628,Manubrio mtb Enlee 800mm color,Negro-blanco,39500,13
6-CL,BCK628,Manubrio mtb Enlee 800mm color,Negro-rosado,39500,45
6-CL,BCK628,Manubrio mtb Enlee 800mm color,Negro-verde,39500,28
6-CL,BCK628,Manubrio mtb Enlee 800mm color,Purpura,39500,19
6-CL,BCK628,Manubrio mtb Enlee 800mm color,Rojo,39500,5
6-CL,BCK423,Manubrio mtb Enlee 800mm color,,36500,34
6-CL,BCK429,Manzana mtb del - tras cónica,Negro,195500,23
6-CL,BCK429,Manzana mtb del - tras cónica,Negro - rojo,195500,18
6-CL,BCK092,Medidor desgaste cadena,,4800,48
6-CL,BCK770,Monoplato 32T - bcd104mm,,175500,14
6-CL,BCK771,Monoplato 32t montaje directo,,195500,15
6-CL,SIN_ID,Neumatico Amerrican val R26 BCK163 - R27 BCK164 (7900) - R29 BCK165 (8200),7600,0,26
6-CL,BCK729,"Neumatico Ppatineta 10x2,5 VC",,9500,26
6-CL,BCK732,"Neumatico Ppatineta 10x2,5 VR",,10500,11
6-CL,BCK730,Neumatico Ppatineta 200 x 50 VC,,9500,14
6-CL,BCK647,"Neumatico Ppatineta 8,1 x 2 VC",,9500,40
6-CL,BCK731,"Neumatico Ppatineta 8,5x2,0 VC",,10500,32
6-CL,BCK432,"Neumatico Ppatineta 8,5x2125",,7500,11
6-CL,BCK326,Neumatico R29 fv,,8700,35
6-CL,BCK430-1,Núcleo repuesto Pmanz,,38500,3
6-CL,BCK075,Pacha mtb 10 vel R 11 - 42T,,57500,2
6-CL,BCK074,Pacha mtb 10 vel R 11 - 46T,,59500,35
6-CL,BCK076,Pacha mtb 11V 11 - 50T,,82500,6
6-CL,BCK118,Pacha mtb 6vel,,15500,45
6-CL,BCK250,Pacha mtb 8vel 11 - 42T,,46500,45
6-CL,BCK239,Pacha mtb 9vel R 11 - 42T,,54500,32
6-CL,BCK077,Pacha mtb12V 11-50T,,93500,14
6-CL,BCK413,Pacha ruta 7 vel,,22500,5
6-CL,BCK414,Pacha ruta 8 vel,,24500,32
6-CL,BCK106,Palancas MTB7 vel integrados,,32500,13
6-CL,BCK299,Palancas Pdesmonte x par,,3800,27
6-CL,BCK756,Palancas mtb 10vel,,44500,12
6-CL,BCK757,Palancas mtb 11vel,,49500,8
6-CL,BCK208,Palancas mtb 7vel integrados,,26500,41
6-CL,BCK107,Palancas mtb 8vel,,34500,41
6-CL,BCK209,Palancas mtb 8vel integra,,29500,1
6-CL,BCK236,Palancas mtb 9 vel integrados,,36500,2
6-CL,BCK684,Paral lateral graduacion mtb,,19500,25
6-CL,BCK798,Paral lateral graduacion mtb,,19500,1
6-CL,BCK720,Parlante Pbici colores,Camuflado,46500,30
6-CL,BCK720,Parlante Pbici colores,Gris,46500,11
6-CL,BCK720,Parlante Pbici colores,Negro,46500,32
6-CL,BCK720,Parlante Pbici colores,azul petroleo,46500,38
6-CL,BCK258,Pedal MTB alum 916,,26500,10
6-CL,BCK314,Pedal MTB alum 916,,26500,33
6-CL,BCK753,Pedal MTB alum 916,,18500,21
6-CL,BCK702,Pedal Mtb 916 colores,Morado,21500,9
6-CL,BCK702,Pedal Mtb 916 colores,Naranja,21500,33
6-CL,BCK702,Pedal Mtb 916 colores,Rojo,21500,2
6-CL,BCK702,Pedal Mtb 916 colores,Verde,21500,25
6-CL,BCK419,Pedal Mtb alum 916,,17500,28
6-CL,BCK609,Pedal Mtb alum 916,,18500,7
6-CL,BCK390,Pedal Mtb plataforma torna,,63500,22
6-CL,BCK492,Pedal chocles rod,,89500,18
6-CL,BCK312,Pedal mtb 916 alum,,20500,11
6-CL,BCK491,Pedal mtb alum multipro,,98500,41
6-CL,BCK516,Pedal mtb color,,35500,22
6-CL,BCK727,Pedal mtb plataforma color,Azul,39500,4
6-CL,BCK754,Pedal mtb plataforma color,Naranja,49500,7
6-CL,BCK727,Pedal mtb plataforma color,Rojo,39500,18
6-CL,BCK727,Pedal mtb plataforma color,Verde,39500,37
6-CL,BCK754,Pedal mtb plataforma color,Verde,49500,39
6-CL,BCK727,Pedal mtb plataforma color,Verde menta,39500,32
6-CL,BCK754,Pedal mtb plataforma color,Verde menta,49500,19
6-CL,BCK438,Pedal mtb plataforma color,,56500,17
6-CL,BCK514,Pedal mtb plataforma color,,38500,32
6-CL,BCK515,Pedal mtb plataforma color,,38500,42
6-CL,BCK790-12,Pets Pbici colores N°12,,10500,36
6-CL,BCK790-15,Pets Pbici colores N°15,,13500,19
6-CL,BCK298,Protecciones adhesivas Pmarco,,3800,39
6-CL,BCK453,Protector Ddowntube x 2 Enlee,,10500,45
6-CL,BCK728,Protector Pbiela extra,Negro-rojo-azul-verde,9500,11
6-CL,BCK321,Protector Pmarco cadena ajust color,,7500,26
6-CL,BCK444,Protector Pmarco de cadena Enlee,,9500,47
6-CL,BCK455,Protector Ptensor,,3800,30
6-CL,BCK725,Protector downtube Pmarco,Rojo o negro,21500,41
6-CL,BCK506,Protector palancas para freno colores,11 colores,3400,21
6-CL,BCK093,Protector para biela silicona,,3200,6
6-CL,BCK506,Protector silicona palancas pfreno,,3400,20
6-CL,BCK599,Retenedores PSuspension,,5500,9
6-CL,BCK613,Retrovisor Pbici escualizable,1,6500,20
6-CL,BCK614,Retrovisor Pbici escualizable,2,5800,15
6-CL,BCK796,Retrovisor Pbici escualizable 360°,,8500,39
6-CL,BCK795,Retrovisor Pbici escualizable mango,,7300,31
6-CL,BCK794,Retrovisor Pbici escualizable manubrio,,6500,38
6-CL,BCK747,Rodaja PTensor colores,Negro-silver-dorado-rojo-azul,8500,24
6-CL,BCK436,Rotor Mtb 180mm tornasol,,27500,18
6-CL,BCK499,Rotor center 140mm,,29500,31
6-CL,BCK500,Rotor center 160mm,,28500,18
6-CL,BCK501,Rotor center 180mm,,31500,18
6-CL,BCK426,Rotor flotante 160mm Negro,,29500,47
6-CL,BCK601,Rotor mtb 120mm,,6500,29
6-CL,BCK378,Rotor mtb 160mm,,6500,15
6-CL,BCK437,Rotor mtb 160mm,,8500,3
6-CL,BCK379,Rotor mtb 180mm,,7800,50
6-CL,BCK496,Rotor mtb T-S 160mm silver,,21500,2
6-CL,BCK497,Rotor mtb T-S 180mm silver,,24500,15
6-CL,BCK389,Rotor mtb center 180mm,,11500,45
6-CL,BCK522,Silla mtb antipros,,30500,10
6-CL,BCK523,Silla mtb antipros color,,34500,46
6-CL,BCK744,Silla mtb antipros gel,2,36500,13
6-CL,BCK744,Silla mtb antipros gel,,36500,14
6-CL,BCK792,Silla mtb clickluz,,46500,22
6-CL,BCK742,Silla mtb ergo gel,,47500,36
6-CL,BCK524,Silla mtb luz incorp gel,,41500,47
6-CL,BCK791,Silla mtb luz incorp gel,,51500,41
6-CL,BCK526,Soporte PBici alum pared,,14500,22
6-CL,BCK285,Soporte PCaramañola multipro,,13500,28
6-CL,BCK623,Soporte PLuz,,2800,48
6-CL,BCK624,Soporte PLuz,,2800,16
6-CL,BCK446,Soporte Pcaramañola Enlee colores,,36500,50
6-CL,BCK427,Soporte Pcaramañola alum Enlee,,31500,17
6-CL,BCK405,Soporte Pcaramañola color,,8800,50
6-CL,BCK388,Soporte Pcaramañola doble alum,,11500,26
6-CL,BCK709,Soporte Pcaramañola plast,,8500,46
6-CL,BCK404,Soporte Pcaramañola trasluc,,11500,11
6-CL,BCK406,Soporte Pcelular multipro,,27500,10
6-CL,BCK685,Soporte Pcámara 360°,,69500,28
6-CL,BCK767,Soporte Pluz - garmin,,26500,47
6-CL,SP029,Soporte caramañola banda elastica,,4800,26
6-CL,BCK521,Soporte celular silicona,,12500,27
6-CL,BCK445,Stickers reflectivos Enlee bici,,14500,38
6-CL,BCK443,Tapa Pcodo diseños,,6800,11
6-CL,BCK101,Tensor Pmtb Rojo,,9800,30
6-CL,BCK694,Tensor extralargo,,21500,18
6-CL,BCK793,Tensor mtb P11vel,,59500,42
6-CL,BCK234,Tensor mtb TY,,9500,38
6-CL,BCK308,Terminal Pfunda x 500pcs,,38500,34
6-CL,BCK307,Termunal Pguaya x 200pcs color,,24500,11
6-CL,BCK403,Tornillos lujo alum colores,,11500,12
6-CL,BCK037,Vejiga repuesto hydropack 2L,,16500,18
6-CL,BCK508,Velocímetro inhalambrico multifun,,26500,25
6-CL,BCK246,Zapatas bristol mtb,,1600,6
6-CL,BCK607,Zapatas mtb bris color,,1900,7
6-CL,BCK608,Zapatas mtb bris negro,,1200,49
6-CL,BCK540,neumatico para moto 300 - 17,,8300,27
6-CL,BCK539,neumatico para moto 300 - 18,,8300,33
GUANTES,BCK034,Guante mtb colores corto,Amarillo,11500,48
GUANTES,BCK034,Guante mtb colores corto,Azul,11500,46
GUANTES,BCK064,Guante mtb colores corto,Azul,8500,42
GUANTES,BCK064,Guante mtb colores corto,Negro,8500,5
GUANTES,BCK034,Guante mtb colores corto,Palma,11500,2
GUANTES,BCK064,Guante mtb colores corto,Palma,8500,14
GUANTES,BCK034,Guante mtb colores corto,Rojo,11500,40
PASTILLAS,BCK002,Pastilla compatible shimano,,4200,1
PASTILLAS,BCK552-1,Pastillas Pfreno disco semimetalicas,,2900,21
PASTILLAS,BCK552-2,Pastillas Pfreno disco semimetalicas,,4200,11
PASTILLAS,BCK553-1,Pastillas Pfreno disco semimetalicas,,2900,9
PASTILLAS,BCK553-2,Pastillas Pfreno disco semimetalicas,,4200,11
PASTILLAS,BCK554-1,Pastillas Pfreno disco semimetalicas,,2900,30
PASTILLAS,BCK554-2,Pastillas Pfreno disco semimetalicas,,4200,24
PASTILLAS,BCK555-1,Pastillas Pfreno disco semimetalicas,,2900,48
PASTILLAS,BCK555-2,Pastillas Pfreno disco semimetalicas,,4200,49
PASTILLAS,BCK556-1,Pastillas Pfreno disco semimetalicas,,2900,7
PASTILLAS,BCK556-2,Pastillas Pfreno disco semimetalicas,,4200,5
PASTILLAS,BCK557,Pastillas Pfreno disco semimetalicas,,2900,35
PASTILLAS,BCK558,Pastillas Pfreno disco semimetalicas,,2900,42
PASTILLAS,BCK559,Pastillas Pfreno disco semimetalicas,,2900,19
PASTILLAS,BCK560,Pastillas Pfreno disco semimetalicas,,2900,17
PASTILLAS,BCK563,Pastillas Pfreno disco semimetalicas,,2900,13
PASTILLAS,BCK565,Pastillas Pfreno disco semimetalicas,,2900,3
PASTILLAS,BCK566,Pastillas Pfreno disco semimetalicas,,4200,21
PASTILLAS,BCK567,Pastillas Pfreno disco semimetalicas,,4200,15
PASTILLAS,BCK568,Pastillas Pfreno disco semimetalicas,,4200,29
PASTILLAS,BCK569,Pastillas Pfreno disco semimetalicas,,4200,47
PASTILLAS,BCK602,Pastillas Pfreno disco semimetalicas,,2900,50
PASTILLAS,BCK088,Pastillas comp shimano,,3400,17
PASTILLAS,BCK498,Pastillas mtb Pfreno disco,,3200,6
PITILLOS,SIN_ID,1 Gris,,0,33
PITILLOS,SIN_ID,10 Naranja,,0,22
PITILLOS,SIN_ID,11 Fucsia,,0,38
PITILLOS,SIN_ID,12 Verde manzana,,0,9
PITILLOS,SIN_ID,13 Blanco,,0,16
PITILLOS,SIN_ID,14 Amarillo pollito,,0,17
PITILLOS,SIN_ID,15 Rosado,,0,21
PITILLOS,SIN_ID,16 Violeta,,0,15
PITILLOS,SIN_ID,17 Azul futura,,0,7
PITILLOS,SIN_ID,18 Verde menta,,0,10
PITILLOS,SIN_ID,19 Verde griego,,0,49
PITILLOS,SIN_ID,2 Amarillo bandera,,0,48
PITILLOS,SIN_ID,20 Verde falabella,,0,49
PITILLOS,SIN_ID,21 Verde militar,,0,2
PITILLOS,SIN_ID,22 Magenta,,0,11
PITILLOS,SIN_ID,23 Verde oscuro,,0,34
PITILLOS,SIN_ID,24 Psicodelico,,0,13
PITILLOS,SIN_ID,25 Uva,,0,1
PITILLOS,SIN_ID,26 Bronce,,0,43
PITILLOS,SIN_ID,3 Azul oscuro,,0,46
PITILLOS,SIN_ID,4 negro,,0,26
PITILLOS,SIN_ID,5 Dorado,,0,40
PITILLOS,SIN_ID,6 amarillo neón,,0,3
PITILLOS,SIN_ID,7 Morado,,0,1
PITILLOS,SIN_ID,8 Azul claro,,0,26
PITILLOS,SIN_ID,9 Rojo,,0,25
PITILLOS,SIN_ID,Pitillos fotoluminicentes,,0,20
PITILLOS,SIN_ID,Presentacion cubierta para funda 1 Precio,,17500,27
PITILLOS,SIN_ID,Presentacion cubierta para funda 2,,17500,39
PREVENTA 2025,BCK810,Ejes Pmanzanas x par TORNA,,12500,43
PREVENTA 2025,BCK774-1,Espaciador Tornasol,,7500,14
PREVENTA 2025,BCK801,Luz tras comet dual color,,15500,25
PREVENTA 2025,BCK809,Manzanas 3 trinquetes par torna,,98500,47
PREVENTA 2025,BCK649,Pedal mtb luz recargable,,73500,8
PREVENTA 2025,SIN_ID,Postes de silla colores rojo azul - negr morado bck 802 - 803 - 804 PRECIOS APROX22500,,0,50
PREVENTA 2025,SIN_ID,Suspension BCK805,,425500,43
PREVENTA 2025,BCK793,Tensor mtb P12vel,,67500,39
PRODUCTOS P 2025,CAN304,"Caña PSilla alum 30,4",,34500,18
PRODUCTOS P 2025,RDB45,Rin mtb 36h DB45 R26,,54500,45
PRODUCTOS P 2025,SX089,Sillin mtb antipros,,21500,33
PRODUCTOS P 2025,SX104,Sillin mtb antipros color,,22500,44
PRODUCTOS P 2025,SX028,Sillin playero resorte,,21500,3
PRODUCTOS P 2025,SR26,Suspension R26 tornasol stump aire,,425500,36
PRODUCTOS P 2025,SR29,Suspension R29 tornasol,,185500,20
PRODUTOS TORNASOL,BCK698,Abrazadera alum tornasol,,19500,47
PRODUTOS TORNASOL,BCK489,"Caña Pmtb 31,6 x 380mm tornasol",,63500,1
PRODUTOS TORNASOL,BCK440,Codo Mtb alum 35mm tornasol,,63500,18
PRODUTOS TORNASOL,BCK749,Codo Mtb alum 35mm tornasol,,58500,49
PRODUTOS TORNASOL,BCK442,Codo Mtb alum 45mm torna,,72500,50
PRODUTOS TORNASOL,BCK395-2,Codo Mtb alum 80mm tornasol,,93500,33
PRODUTOS TORNASOL,BCK726,Codo mtb alum 45mm tornasol,,41500,46
PRODUTOS TORNASOL,BCK430,MANZANAS CAS MTB 36h torna,,187500,49
PRODUTOS TORNASOL,BCK430,MANZANAS CAS MTB 36h torna  - 2,,187500,12
PRODUTOS TORNASOL,BCK723,Mangos mtb anillos torna,,24500,21
PRODUTOS TORNASOL,BCK721,Manubrio mtb 45° torna,,68500,49
PRODUTOS TORNASOL,BCK490,Manubrio mtb alum 800 mm tornasol,,64500,15
PRODUTOS TORNASOL,BCK490,Manubrio mtb alum 800 mm tornasol  - 1,,64500,36
PRODUTOS TORNASOL,BCK699,Manzanas MTB 36h 6trq Torna,,205500,3
PRODUTOS TORNASOL,BCK390,Pedal Mtb plataforma torna,,63500,45
PRODUTOS TORNASOL,BCK751,Pedal Mtb plataforma torna,,63500,8
PRODUTOS TORNASOL,RJ055,Rodaja Alum tensor torna 11T,,25500,5
PRODUTOS TORNASOL,RJ057,Rodaja Alum tensor torna 13T,,28500,21
PRODUTOS TORNASOL,BCK435,Rotor Mtb 160mm tornasol,,25500,10
PRODUTOS TORNASOL,BCK400,Rotor Mtb 180mm tornasol,,36500,24
PRODUTOS TORNASOL,BCK425,Rotor flotante 160mm torna,,44500,27
PRODUTOS TORNASOL,BCK494,Rotor mtb T-S 160mm tornasol,,31500,46
PRODUTOS TORNASOL,BCK495,Rotor mtb T-S 180mm tornasol,,34500,48
PRODUTOS TORNASOL,BCK737,Silla mtb tornasol,,64500,14
PRODUTOS TORNASOL,SP022,Soporte PCaramañola alum tornasol,,36500,17
PRODUTOS TORNASOL,BCK200,Soporte caramañola alum tornasol,,16500,8
PRODUTOS TORNASOL,BCK280,Tapa PSuspension tornasol,,16500,23
PRODUTOS TORNASOL,BCK758,Tapa alum PBiela torna,,10500,16
PRODUTOS TORNASOL,TPX010,Tapones alum para manubrio torna,,15500,35
PRODUTOS TORNASOL,BCK688,Tapón Pvalvula Tronasol,,7500,2
PRODUTOS TORNASOL,BCK689,Tapón Pvalvula Tronasol,,7500,40
PRODUTOS TORNASOL,BCK690,Tapón Pvalvula Tronasol,,7500,16
PRODUTOS TORNASOL,BCK691,Tapón Pvalvula Tronasol,,7500,23
PRODUTOS TORNASOL,BCK748,Tornillos alum PCodo 18mm Torna,,12500,43
PRODUTOS TORNASOL,BCK402,Tornillos lujo alum tornasol,,12500,6
PRODUTOS TORNASOL,VAL44,Valvula al Ptubeless oil slick,,54500,5
UÑAS,PM001,Punta pmarco,A,7500,29
UÑAS,PM012,Punta pmarco,B,9500,37
UÑAS,PM578,Punta pmarco,C,7500,9
UÑAS,PM005,Punta pmarco,D,9500,38
UÑAS,PM586,Punta pmarco,E,7500,30
UÑAS,PM014,Punta pmarco,F,9500,2
UÑAS,PM006,Punta pmarco,G,9500,4
UÑAS,PM007,Punta pmarco,H,9500,25
UÑAS,PM576,Punta pmarco,I,7500,46
UÑAS,PM009,Punta pmarco,J,9500,38
UÑAS,PM010,Punta pmarco,K,9500,33
UÑAS,PM570,Punta pmarco,L,7500,49
UÑAS,PM011,Punta pmarco,M,7500,36
UÑAS,PM015,Punta pmarco,N,7500,18
UÑAS,PM571,Punta pmarco,O,7500,45
UÑAS,PM018,Punta pmarco,P,9500,4
UÑAS,PM016,Punta pmarco,Q,9500,42
UÑAS,PM572,Punta pmarco,R,7500,43
UÑAS,PM003,Punta pmarco,S,9500,37
UÑAS,PM020,Punta pmarco,T,7500,16
UÑAS,PM573,Punta pmarco,V,7500,31
UÑAS,PM575,Punta pmarco,X,7500,2
UÑAS,PM577,Punta pmarco,Y,7500,32
UÑAS,PM580,Punta pmarco,Z,8500,14
UÑAS,PM582,Punta pmarco,Z1,18500,32
UÑAS,PM631,Punta pmarco,Z10,11500,41
UÑAS,PM632,Punta pmarco,Z11,16500,35
UÑAS,PM633,Punta pmarco,Z12,18500,41
UÑAS,PM634,Punta pmarco,Z13,11500,50
UÑAS,PM635,Punta pmarco,Z14,10500,50
UÑAS,PM637,Punta pmarco,Z15,29500,28
UÑAS,PM639,Punta pmarco,Z16,11500,25
UÑAS,PM640,Punta pmarco,Z17,10500,8
UÑAS,PM641,Punta pmarco,Z18,12500,16
UÑAS,PM642,Punta pmarco,Z19,11500,41
UÑAS,PM583,Punta pmarco,Z2,7500,7
UÑAS,PM643,Punta pmarco,Z20,10500,42
UÑAS,PM645,Punta pmarco,Z21,7500,29
UÑAS,PM646,Punta pmarco,Z22,7500,38
UÑAS,PM667,Punta pmarco,Z23,21500,35
UÑAS,PM777,Punta pmarco,Z24,8500,5
UÑAS,PM778,Punta pmarco,Z25,12500,16
UÑAS,PM781,Punta pmarco,Z26,10500,23
UÑAS,PM782,Punta pmarco,Z27,23500,48
UÑAS,PM784,Punta pmarco,Z28,10500,25
UÑAS,PM785,Punta pmarco,Z29,27500,48
UÑAS,PM584,Punta pmarco,Z3,7500,47
UÑAS,PM786,Punta pmarco,Z30,15500,14
UÑAS,PM787,Punta pmarco,Z31,17500,49
UÑAS,PM788,Punta pmarco,Z32,13500,46
UÑAS,PM789,Punta pmarco,Z33,7500,29
UÑAS,PM585,Punta pmarco,Z4,9500,32
UÑAS,PM587,Punta pmarco,Z5,7500,36
UÑAS,PM588,Punta pmarco,Z6,16500,11
UÑAS,PM589,Punta pmarco,Z7,29500,42
UÑAS,PM590,Punta pmarco,Z8,18500,2
UÑAS,PM591,Punta pmarco,Z9,18500,28
